ENERGY,AREA,COUNTS,PKTR,WIDTH,ABS_EFF
50,36703,37499,0.978773,8.7898,0.0389628
60,42268,44097,0.958523,9.11826,0.0448705
70,45171,48360,0.934057,9.14431,0.0479522
80,46608,50739,0.918583,9.20659,0.0494777
90,47238,52155,0.905723,9.36697,0.0501465
100,48138,53509,0.899624,9.52423,0.0511019
110,48223,54028,0.892556,9.72203,0.0511921
120,48738,54781,0.889688,9.90767,0.0517389
130,48651,55029,0.884097,10.087,0.0516465
140,48333,55147,0.876439,10.2237,0.0513089
150,48227,55267,0.872618,10.3385,0.0511964
160,47999,55247,0.868807,10.5475,0.0509544
170,47400,55048,0.861067,10.7805,0.0503185
180,47033,55021,0.854819,10.9254,0.0499289
190,46468,54871,0.846859,11.0271,0.0493291
200,45996,54723,0.840524,11.1876,0.048828
210,45743,54762,0.835306,11.3828,0.0485594
220,45102,54515,0.827332,11.548,0.047879
230,44566,54322,0.820404,11.7605,0.04731
240,44019,54125,0.813284,11.8323,0.0467293
250,43342,53994,0.802719,11.991,0.0460106
260,42617,53562,0.795657,12.1327,0.045241
270,41766,53188,0.785252,12.352,0.0443376
280,41085,52999,0.775203,12.477,0.0436146
290,40444,52992,0.76321,12.6739,0.0429342
300,39476,52332,0.754338,12.8338,0.0419066
310,38926,52178,0.746023,12.9992,0.0413227
320,38360,52167,0.735331,13.1746,0.0407219
330,37630,51888,0.725216,13.2314,0.0399469
340,36737,51444,0.714116,13.5112,0.0389989
350,36402,51564,0.705958,13.6677,0.0386433
360,35837,51508,0.695756,13.8615,0.0380435
370,35212,51382,0.685298,13.9284,0.03738
380,34462,51241,0.672547,14.1933,0.0365839
390,33604,50768,0.661913,14.3745,0.035673
400,33096,50523,0.655068,14.4955,0.0351338
410,32633,50512,0.646045,14.6243,0.0346423
420,31980,50232,0.636646,14.8101,0.033949
430,31363,50120,0.625758,14.9455,0.0332941
440,31006,50079,0.619142,15.0774,0.0329151
450,30548,50098,0.609765,15.2945,0.0324289
460,29920,49861,0.600068,15.3761,0.0317622
470,29121,49220,0.59165,15.5389,0.030914
480,28881,49305,0.585762,15.6617,0.0306592
490,28361,49103,0.577582,15.8255,0.0301072
500,27922,48828,0.571844,15.9966,0.0296412
510,27612,48780,0.566052,16.2418,0.0293121
520,27153,48564,0.559118,16.3512,0.0288248
530,26814,48702,0.550573,16.5115,0.028465
540,26485,48525,0.545801,16.5913,0.0281157
550,26113,48265,0.541034,16.87,0.0277208
560,25633,48219,0.531595,17.0149,0.0272113
570,25494,48098,0.530043,17.1028,0.0270637
580,25064,47987,0.522308,17.1139,0.0266072
590,24726,47801,0.51727,17.2376,0.0262484
600,24229,47511,0.509966,17.4034,0.0257208
610,24032,47536,0.505554,17.7009,0.0255117
620,23946,47538,0.503723,17.9352,0.0254204
630,23455,47209,0.496833,18.1073,0.0248992
640,23346,47500,0.491495,18.1792,0.0247834
650,22901,47307,0.484093,18.4172,0.024311
660,22595,47134,0.479378,18.4832,0.0239862
670,22437,46975,0.477637,18.6966,0.0238185
680,22135,46826,0.472707,18.8904,0.0234979
690,21765,46643,0.46663,19.0218,0.0231051
700,21406,46454,0.4608,19.0571,0.022724
710,21323,46438,0.459171,19.1565,0.0226359
720,21154,46346,0.456436,19.4733,0.0224565
730,21093,46360,0.454983,19.488,0.0223917
740,20638,46267,0.446063,19.6317,0.0219087
750,20668,46398,0.44545,19.8581,0.0219406
760,20386,46103,0.442184,20.0007,0.0216412
770,20342,46399,0.438415,20.0976,0.0215945
780,19823,45815,0.432675,20.2121,0.0210435
790,19981,46088,0.43354,20.4286,0.0212113
800,19463,45714,0.425756,20.4723,0.0206614
810,19438,45801,0.424401,20.6301,0.0206348
820,19119,45526,0.419958,20.889,0.0202962
830,18830,45437,0.41442,21.0336,0.0199894
840,18643,45359,0.41101,21.1483,0.0197909
850,18534,45160,0.410407,21.2988,0.0196752
860,18385,45032,0.408265,21.4056,0.019517
870,18158,44852,0.404843,21.5765,0.019276
880,17967,44834,0.400745,21.7412,0.0190732
890,17972,44790,0.40125,21.8604,0.0190786
900,17803,45024,0.395411,21.9519,0.0188992
910,17463,44571,0.391802,22.1324,0.0185382
920,17615,44633,0.394663,22.347,0.0186996
930,17350,44593,0.389075,22.2976,0.0184183
940,17418,44867,0.388214,22.5581,0.0184904
950,16979,44447,0.382006,22.7281,0.0180244
960,16941,44587,0.379954,22.6962,0.0179841
970,16738,44109,0.379469,23.067,0.0177686
980,16502,43673,0.377854,23.1777,0.017518
990,16514,43863,0.37649,23.3804,0.0175308
1000,16305,43719,0.37295,23.5384,0.0173089
1010,16108,43297,0.372035,23.5264,0.0170998
1020,16149,43539,0.370909,23.5072,0.0171433
1030,16249,43688,0.371933,23.7937,0.0172495
1040,16102,43400,0.371014,23.8687,0.0170934
1050,15925,43562,0.365571,24.0031,0.0169055
1060,15835,43283,0.365848,24.2007,0.01681
1070,15656,43365,0.361028,24.1604,0.01662
1080,15536,43264,0.359098,24.3042,0.0164926
1090,15420,43105,0.357731,24.4361,0.0163694
1100,15399,43246,0.356079,24.6476,0.0163471
1110,15339,42951,0.357128,24.5938,0.0162834
1120,15179,42785,0.354774,24.7422,0.0161136
1130,15119,42766,0.353529,24.9212,0.0160499
1140,14984,42829,0.349856,25.1188,0.0159066
1150,14813,42775,0.3463,25.2171,0.0157251
1160,14738,42427,0.347373,25.2195,0.0156454
1170,14657,42659,0.343585,25.1683,0.0155594
1180,14499,42493,0.341209,25.3654,0.0153917
1190,14508,42543,0.34102,25.6338,0.0154013
1200,14426,42291,0.341113,25.6812,0.0153142
1210,14369,42608,0.337237,25.2358,0.0152537
1220,14238,42270,0.336835,25.9283,0.0151146
1230,14186,42181,0.336313,25.791,0.0150594
1240,14037,42272,0.332064,26.0028,0.0149013
1250,13931,42005,0.331651,26.426,0.0147887
1260,13974,42335,0.330081,26.4994,0.0148344
1270,13770,42069,0.327319,26.6999,0.0146178
1280,13641,42152,0.323615,26.9332,0.0144809
1290,13471,41860,0.321811,26.959,0.0143004
1300,13472,41748,0.322698,27.1604,0.0143015
1310,13323,41397,0.321835,27.2656,0.0141433
1320,13427,41862,0.320744,27.1949,0.0142537
1330,13271,41551,0.319391,27.0581,0.0140881
1340,13271,41756,0.317823,27.2761,0.0140881
1350,13145,41557,0.316313,27.6162,0.0139544
1360,13198,41514,0.317917,27.5725,0.0140106
1370,12939,41376,0.312718,27.6633,0.0137357
1380,12941,41456,0.312162,28.0521,0.0137378
1390,12778,41220,0.309995,27.8398,0.0135648
1400,12672,41064,0.308591,27.8712,0.0134522
1410,12563,40736,0.3084,27.9602,0.0133365
1420,12568,40973,0.306739,27.9538,0.0133418
1430,12369,40852,0.302776,28.3008,0.0131306
1440,12464,41057,0.303578,28.2505,0.0132314
1450,12318,40898,0.301188,28.4681,0.0130764
1460,12442,40999,0.303471,28.5265,0.0132081
1470,12240,40771,0.300213,28.7289,0.0129936
1480,12401,40786,0.30405,28.7041,0.0131645
1490,12129,40477,0.299652,28.6659,0.0128758
1500,12017,40321,0.298033,28.8726,0.0127569
1510,11870,40327,0.294344,28.9495,0.0126008
1520,11976,40429,0.296223,29.1609,0.0127134
1530,11796,40439,0.291699,29.4784,0.0125223
1540,11752,40469,0.290395,29.06,0.0124756
1550,11847,40628,0.291597,29.4367,0.0125764
1560,11719,40438,0.289802,29.3053,0.0124406
1570,11632,40396,0.287949,29.4611,0.0123482
1580,11540,40384,0.285757,29.6875,0.0122505
1590,11508,40308,0.285502,29.7058,0.0122166
1600,11331,40154,0.282189,29.614,0.0120287
1610,11523,40307,0.285881,30.014,0.0122325
1620,11401,40061,0.284591,29.8842,0.012103
1630,11273,39867,0.282765,30.1195,0.0119671
1640,11222,39906,0.281211,30.3801,0.011913
1650,11119,39626,0.280599,30.1108,0.0118036
1660,11136,39906,0.279056,30.3734,0.0118217
1670,11040,39740,0.277806,30.6468,0.0117197
1680,10896,39654,0.274777,30.4849,0.0115669
1690,10883,39829,0.273243,30.0273,0.0115531
1700,10875,39619,0.27449,30.6904,0.0115446
1710,10871,39791,0.273202,30.7628,0.0115403
1720,10817,39730,0.272263,31.1181,0.011483
1730,10577,39530,0.267569,30.9309,0.0112282
1740,10534,39497,0.266704,31.0924,0.0111826
1750,10495,39444,0.266073,31.3136,0.0111412
1760,10488,39453,0.265835,31.2606,0.0111338
1770,10434,39405,0.264789,30.9651,0.0110764
1780,10413,39225,0.265468,31.5655,0.0110541
1790,10281,39408,0.260886,31.6051,0.010914
1800,10260,39199,0.261741,31.574,0.0108917
1810,10232,39297,0.260376,31.6599,0.010862
1820,10094,39246,0.257198,31.8237,0.0107155
1830,10231,39252,0.260649,31.7594,0.0108609
1840,10041,39339,0.255243,31.6116,0.0106592
1850,10104,39375,0.25661,32.0646,0.0107261
1860,10140,39433,0.257145,32.6144,0.0107643
1870,9873,38878,0.253948,32.0671,0.0104809
1880,9893,38797,0.254994,31.9892,0.0105021
1890,9965,39057,0.25514,32.1018,0.0105786
1900,9849,39173,0.251423,32.1188,0.0104554
1910,9815,39040,0.251409,32.2044,0.0104193
1920,9681,38928,0.24869,32.521,0.0102771
1930,9692,38808,0.249742,32.4986,0.0102887
1940,9683,38923,0.248773,32.6542,0.0102792
1950,9545,38835,0.245783,32.9112,0.0101327
1960,9522,38449,0.247653,33.0823,0.0101083
1970,9515,38652,0.246171,32.8899,0.0101008
1980,9419,38645,0.243731,33.1992,0.00999894
1990,9446,38531,0.245153,33.4641,0.0100276
2000,9225,38420,0.240109,32.9524,0.00979299
